0.000000000000000, 0, 0, 1
0.031693833333333, 0, 0, 0
1.836035000000000, 1, 0, 0
2.785871166666667, 1, 0, 1
2.845865916666667, 1, 0, 0
2.910044000000000, 1, 0, 1
2.962787500000000, 1, 0, 0
3.042186333333333, 1, 0, 1
3.100493500000000, 1, 0, 0
3.202991333333334, 1, 0, 1
3.263880666666667, 1, 0, 0
4.416183666666667, 1, 1, 0
4.650246000000000, 1, 0, 0
4.651601750000000, 0, 0, 0
4.767604333333334, 0, 0, 1
4.951593833333334, 0, 0, 0
5.005892166666667, 0, 0, 1
5.051251083333334, 0, 0, 0
5.107506416666667, 0, 0, 1
5.151082666666667, 0, 0, 0
5.212236666666667, 0, 0, 1
5.258059000000000, 0, 0, 0
5.320488333333333, 0, 0, 1
5.370751250000001, 0, 0, 0
5.440169166666667, 0, 0, 1
5.494004000000000, 0, 0, 0
5.586874500000000, 0, 0, 1
5.637575250000000, 0, 0, 0
5.923952000000001, 0, 0, 1
5.972146750000000, 0, 0, 0
6.048654000000000, 0, 0, 1
6.105375250000001, 0, 0, 0
6.235315750000001, 0, 0, 1
6.277356750000000, 0, 0, 0
6.372613666666667, 0, 0, 1
6.443025500000000, 0, 0, 0
6.541710500000001, 0, 0, 1
6.600633000000000, 0, 0, 0
6.692689166666667, 0, 0, 1
6.752912500000001, 0, 0, 0
7.663882166666667, 1, 0, 0
10.230190916666666, 1, 1, 0
10.445598333333335, 1, 0, 0
10.446398583333334, 0, 0, 0
10.486077000000000, 0, 0, 1
10.778841833333335, 0, 0, 0
10.836214333333334, 0, 0, 1
10.880628083333335, 0, 0, 0
10.941176166666667, 0, 0, 1
10.986459166666668, 0, 0, 0
11.053156000000001, 0, 0, 1
11.099441166666667, 0, 0, 0
11.175260500000000, 0, 0, 1
11.222636833333334, 0, 0, 0
11.293910833333333, 0, 0, 1
11.352110166666668, 0, 0, 0
11.419880250000000, 0, 0, 1
11.468760416666667, 0, 0, 0
11.531442250000001, 0, 0, 1
11.583703666666667, 0, 0, 0
11.666303000000001, 0, 0, 1
11.724407166666667, 0, 0, 0
13.463851083333335, 1, 0, 0
13.840725500000001, 1, 0, 1
13.877278916666668, 1, 0, 0
13.934702166666668, 1, 0, 1
13.986754166666667, 1, 0, 0
14.060995083333335, 1, 0, 1
14.118490333333334, 1, 0, 0
14.241032166666667, 1, 0, 1
14.307536083333334, 1, 0, 0
14.408992500000000, 1, 0, 1
14.476263916666667, 1, 0, 0
15.226885833333334, 1, 0, 1
15.282103666666668, 1, 0, 0
15.383282333333334, 1, 0, 1
15.438392166666668, 1, 0, 0
15.616582833333334, 1, 0, 1
15.680022583333335, 1, 0, 0
15.799976083333334, 1, 0, 1
15.857211250000001, 1, 0, 0
16.030090083333334, 1, 1, 0
16.238204333333336, 1, 1, 1
16.252434250000000, 1, 0, 1
16.253316416666667, 0, 0, 1
16.311346833333335, 0, 0, 0
16.354590916666666, 0, 0, 1
16.399823166666668, 0, 0, 0
16.449424333333333, 0, 0, 1
16.493686000000000, 0, 0, 0
16.547832750000001, 0, 0, 1
16.591865750000000, 0, 0, 0
16.650734750000002, 0, 0, 1
16.692750333333333, 0, 0, 0
16.753475333333334, 0, 0, 1
16.800832666666668, 0, 0, 0
16.866235333333336, 0, 0, 1
16.910903000000001, 0, 0, 0
16.981084583333335, 0, 0, 1
17.024248583333335, 0, 0, 0
17.093742333333335, 0, 0, 1
17.144925083333334, 0, 0, 0
17.415753000000002, 0, 0, 1
17.469130916666668, 0, 0, 0
18.052919333333335, 0, 0, 1
18.108162416666669, 0, 0, 0
18.654451583333334, 0, 0, 1
18.706116666666667, 0, 0, 0
18.839561000000000, 0, 0, 1
18.900171083333333, 0, 0, 0
18.986836000000000, 0, 0, 1
19.044610333333335, 0, 0, 0
19.263069166666668, 1, 0, 0
19.298347250000003, 1, 0, 1
19.350348416666669, 1, 0, 0
19.444185000000001, 1, 0, 1
19.504864833333336, 1, 0, 0
20.095540750000001, 1, 0, 1
20.158517333333336, 1, 0, 0
20.239241833333335, 1, 0, 1
20.306360833333336, 1, 0, 0
20.639315000000000, 1, 0, 1
20.697362166666668, 1, 0, 0
20.794551083333335, 1, 0, 1
20.854241250000001, 1, 0, 0
21.020866666666667, 1, 0, 1
21.091176833333336, 1, 0, 0
21.166383833333335, 1, 0, 1
21.218334250000002, 1, 0, 0
21.496276666666667, 1, 0, 1
21.559976500000001, 1, 0, 0
21.829583166666669, 1, 1, 0
22.040872000000000, 1, 1, 1
22.064037166666669, 1, 0, 1
22.064995666666668, 0, 0, 1
22.261013000000002, 0, 0, 0
22.293360750000002, 0, 0, 1
22.334964250000002, 0, 0, 0
22.392823083333333, 0, 0, 1
22.432129916666668, 0, 0, 0
22.490140250000000, 0, 0, 1
22.533684833333336, 0, 0, 0
22.598197583333334, 0, 0, 1
22.643613583333334, 0, 0, 0
22.710032833333333, 0, 0, 1
22.758811333333334, 0, 0, 0
22.830388083333336, 0, 0, 1
22.878202166666668, 0, 0, 0
22.957803083333335, 0, 0, 1
23.003168416666668, 0, 0, 0
23.094561750000000, 0, 0, 1
23.138594833333336, 0, 0, 0
25.079278166666668, 1, 0, 0
25.512710833333333, 1, 0, 1
25.553400583333335, 1, 0, 0
25.608614250000002, 1, 0, 1
25.656142916666667, 1, 0, 0
25.719310916666668, 1, 0, 1
25.774833083333334, 1, 0, 0
25.865468750000002, 1, 0, 1
25.935975750000001, 1, 0, 0
25.997925416666668, 1, 0, 1
26.050871916666669, 1, 0, 0
26.120390666666669, 1, 0, 1
26.179002583333336, 1, 0, 0
26.271437583333334, 1, 0, 1
26.332555333333335, 1, 0, 0
26.432711166666667, 1, 0, 1
26.495896916666670, 1, 0, 0
26.603022416666668, 1, 0, 1
26.642944500000002, 1, 0, 0
26.755120166666668, 1, 0, 1
26.811822500000002, 1, 0, 0
27.646234416666669, 1, 1, 0
27.881946083333336, 1, 0, 0
27.882765333333335, 0, 0, 0
27.887633750000003, 0, 0, 1
28.147942250000003, 0, 0, 0
28.186539916666668, 0, 0, 1
28.230192333333335, 0, 0, 0
28.290203916666670, 0, 0, 1
28.336533666666668, 0, 0, 0
28.395711750000000, 0, 0, 1
28.438266750000000, 0, 0, 0
28.503461333333334, 0, 0, 1
28.544842583333335, 0, 0, 0
28.610649583333334, 0, 0, 1
28.661832333333336, 0, 0, 0
28.721263083333334, 0, 0, 1
28.774742583333335, 0, 0, 0
28.841086083333334, 0, 0, 1
28.888183333333334, 0, 0, 0
28.956660416666669, 0, 0, 1
29.001410333333336, 0, 0, 0
29.070418000000000, 0, 0, 1
29.132633250000001, 0, 0, 0
29.183680166666669, 0, 0, 1
29.236671166666667, 0, 0, 0
29.312465166666669, 0, 0, 1
29.365234083333334, 0, 0, 0
29.444708666666667, 0, 0, 1
29.493981916666669, 0, 0, 0
29.590836000000003, 0, 0, 1
29.644880000000001, 0, 0, 0
30.332031166666667, 0, 0, 1
30.369447500000003, 0, 0, 0
30.428752000000003, 0, 0, 1
30.474574166666667, 0, 0, 0
30.549124500000001, 0, 0, 1
30.598416916666668, 0, 0, 0
30.685593333333337, 0, 0, 1
30.741502500000003, 0, 0, 0
30.828678750000002, 0, 0, 1
30.880394500000001, 0, 0, 0
30.895562000000002, 1, 0, 0
31.428904500000002, 1, 0, 1
31.487313166666670, 1, 0, 0
31.611332250000000, 1, 0, 1
31.680824166666667, 1, 0, 0
31.736927750000003, 1, 0, 1
31.787673000000002, 1, 0, 0
31.900385333333336, 1, 0, 1
31.954226416666668, 1, 0, 0
32.034767750000000, 1, 0, 1
32.092053666666672, 1, 0, 0
32.445771333333333, 1, 0, 1
32.506172166666666, 1, 0, 0
32.799335500000005, 1, 0, 1
32.854806833333335, 1, 0, 0
33.146019166666669, 1, 0, 1
33.205677833333333, 1, 0, 0
33.419922166666666, 1, 0, 1
33.462315833333335, 1, 1, 1
33.480004000000001, 1, 1, 0
33.683201333333336, 1, 0, 0
33.684102583333335, 0, 0, 0
33.705940250000005, 0, 0, 1
33.735908500000001, 0, 0, 0
33.739336500000000, 0, 0, 1
33.818966083333336, 0, 0, 0
33.858649833333338, 0, 0, 1
33.904218083333333, 0, 0, 0
33.956635083333339, 0, 0, 1
33.999875250000002, 0, 0, 0
34.057910666666672, 0, 0, 1
34.099285750000000, 0, 0, 0
34.159126666666666, 0, 0, 1
34.202544416666669, 0, 0, 0
34.262688333333337, 0, 0, 1
34.306619916666669, 0, 0, 0
34.372502500000003, 0, 0, 1
34.414619666666667, 0, 0, 0
34.486045083333337, 0, 0, 1
34.531917916666671, 0, 0, 0
34.601461916666672, 0, 0, 1
34.644702000000002, 0, 0, 0
34.724637250000001, 0, 0, 1
34.762085166666665, 0, 0, 0
36.461210666666666, 0, 0, 1
36.496254333333333, 0, 0, 0
36.555224250000002, 0, 0, 1
36.600405500000001, 0, 0, 0
36.673813250000002, 0, 0, 1
36.694956000000005, 1, 0, 1
36.727512833333336, 1, 0, 0
36.830212666666668, 1, 0, 1
36.878458416666668, 1, 0, 0
36.990280750000004, 1, 0, 1
37.023516250000000, 1, 0, 0
37.141739833333332, 1, 0, 1
37.183400416666672, 1, 0, 0
37.267426416666666, 1, 0, 1
37.318381000000002, 1, 0, 0
37.388834333333335, 1, 0, 1
37.445815666666668, 1, 0, 0
37.559721333333336, 1, 0, 1
37.602016333333339, 1, 0, 0
37.693668416666668, 1, 0, 1
37.747610999999999, 1, 0, 0
37.822003666666667, 1, 0, 1
37.879263999999999, 1, 0, 0
38.331666500000004, 1, 0, 1
38.388337000000000, 1, 0, 0
38.516396416666666, 1, 0, 1
38.572813000000004, 1, 0, 0
39.183816833333339, 1, 0, 1
39.240056000000003, 1, 0, 0
39.263070500000005, 1, 1, 0
39.313954583333334, 1, 1, 1
39.366850333333339, 1, 1, 0
39.477483333333339, 1, 1, 1
39.499904583333333, 1, 0, 1
39.500939416666668, 0, 0, 1
39.576053000000002, 0, 0, 0
39.622396999999999, 0, 0, 1
39.669855750000004, 0, 0, 0
39.717039333333332, 0, 0, 1
39.766560000000005, 0, 0, 0
39.818162416666667, 0, 0, 1
39.864955250000001, 0, 0, 0
39.923520916666668, 0, 0, 1
39.967579416666666, 0, 0, 0
40.028152666666671, 0, 0, 1
40.072775833333338, 0, 0, 0
40.139624416666670, 0, 0, 1
40.181817833333334, 0, 0, 0
40.250017333333339, 0, 0, 1
40.299309583333333, 0, 0, 0
40.366593500000000, 0, 0, 1
40.418721666666670, 0, 0, 0
40.495254166666669, 0, 0, 1
40.546227750000000, 0, 0, 0
40.622482416666671, 0, 0, 1
40.684976750000004, 0, 0, 0
42.512537416666667, 1, 0, 0
43.608576166666673, 1, 0, 1
43.644412750000001, 1, 0, 0
43.714493583333336, 1, 0, 1
43.760645500000003, 1, 0, 0
43.829653083333334, 1, 0, 1
43.874555416666666, 1, 0, 0
44.089285750000002, 1, 0, 1
44.146571666666667, 1, 0, 0
44.216343000000002, 1, 0, 1
44.269130916666668, 1, 0, 0
44.832547166666672, 1, 0, 1
44.880329666666668, 1, 0, 0
44.943346166666672, 1, 0, 1
44.995601166666667, 1, 0, 0
45.078431333333334, 1, 1, 0
45.083476666666670, 1, 1, 1
45.145228750000001, 1, 1, 0
45.292226500000005, 1, 1, 1
45.306793583333338, 1, 0, 1
45.307828416666666, 0, 0, 1
45.313985250000002, 0, 0, 0
45.316523083333337, 0, 0, 1
45.502732916666666, 0, 0, 0
45.536526583333334, 0, 0, 1
45.581936333333338, 0, 0, 0
45.636158666666667, 0, 0, 1
45.677153083333337, 0, 0, 0
45.735876750000003, 0, 0, 1
45.781388166666666, 0, 0, 0
45.840440166666667, 0, 0, 1
45.887512083333334, 0, 0, 0
45.948161083333339, 0, 0, 1
45.997707166666672, 0, 0, 0
46.061942000000002, 0, 0, 1
46.108684000000004, 0, 0, 0
46.176624666666669, 0, 0, 1
46.225409416666672, 0, 0, 0
46.293274166666670, 0, 0, 1
46.342668000000003, 0, 0, 0
46.422578000000001, 0, 0, 1
46.473608666666671, 0, 0, 0
46.567950416666669, 0, 0, 1
46.620459083333337, 0, 0, 0
46.716076000000001, 0, 0, 1
46.768965333333334, 0, 0, 0
47.020361666666666, 0, 0, 1
47.079791916666672, 0, 0, 0
47.148900500000003, 0, 0, 1
47.199575750000001, 0, 0, 0
47.262585833333340, 0, 0, 1
47.311421500000002, 0, 0, 0
47.377941833333338, 0, 0, 1
47.434104833333336, 0, 0, 0
47.519197916666670, 0, 0, 1
47.576762833333333, 0, 0, 0
47.680479416666671, 0, 0, 1
47.726631500000003, 0, 0, 0
47.828599166666670, 0, 0, 1
47.881977166666672, 0, 0, 0
48.328834083333334, 1, 0, 0
48.437904750000001, 1, 0, 1
48.496795666666671, 1, 0, 0
48.568347166666669, 1, 0, 1
48.622879833333336, 1, 0, 0
48.780307333333333, 1, 0, 1
48.844819000000001, 1, 0, 0
48.910423916666673, 1, 0, 1
48.963471833333337, 1, 0, 0
49.582272333333336, 1, 0, 1
49.601828166666671, 1, 0, 0
49.702526916666670, 1, 0, 1
49.765046583333337, 1, 0, 0
49.829710833333337, 1, 0, 1
49.884877833333334, 1, 0, 0
50.006939666666668, 1, 0, 1
50.062690500000002, 1, 0, 0
50.577724166666670, 1, 0, 1
50.624618333333338, 1, 0, 0
50.694313833333339, 1, 0, 1
50.745909083333338, 1, 0, 0
50.895461416666670, 1, 1, 0
50.942608083333333, 1, 1, 1
51.127828833333339, 1, 0, 1
51.128835916666667, 0, 0, 1
51.201064000000002, 0, 0, 0
51.240040416666673, 0, 0, 1
51.286655500000002, 0, 0, 0
51.340038416666673, 0, 0, 1
51.385346833333337, 0, 0, 0
51.441728250000004, 0, 0, 1
51.483718666666668, 0, 0, 0
51.546072166666669, 0, 0, 1
51.589515250000005, 0, 0, 0
51.653112666666672, 0, 0, 1
51.699011000000006, 0, 0, 0
51.768378416666671, 0, 0, 1
51.811948500000000, 0, 0, 0
51.883708500000004, 0, 0, 1
51.930393500000001, 0, 0, 0
52.005581333333339, 0, 0, 1
52.045243583333338, 0, 0, 0
52.128789833333336, 0, 0, 1
52.176242583333334, 0, 0, 0
52.389293750000000, 0, 0, 1
52.430801833333334, 0, 0, 0
54.144532916666670, 1, 0, 0
54.680438500000001, 1, 0, 1
54.709023666666667, 1, 0, 0
54.776383416666668, 1, 0, 1
54.823633083333334, 1, 0, 0
54.890102666666671, 1, 0, 1
54.937326833333337, 1, 0, 0
55.005551333333337, 1, 0, 1
55.056962666666671, 1, 0, 0
55.471146000000005, 1, 0, 1
55.526008500000003, 1, 0, 0
55.594050000000003, 1, 0, 1
55.656779166666674, 1, 0, 0
56.085779333333335, 1, 0, 1
56.152562166666669, 1, 0, 0
56.229473416666671, 1, 0, 1
56.285198833333340, 1, 0, 0
56.380582166666670, 1, 0, 1
56.438305583333339, 1, 0, 0
56.711239250000006, 1, 1, 0
56.920039833333334, 1, 1, 1
56.931865833333340, 1, 0, 1
56.932748083333337, 0, 0, 1
57.100219416666668, 0, 0, 0
57.152788000000001, 0, 0, 1
57.194118416666669, 0, 0, 0
57.252558000000001, 0, 0, 1
57.293932916666670, 0, 0, 0
57.353565500000002, 0, 0, 1
57.398854666666672, 0, 0, 0
57.459705750000005, 0, 0, 1
57.501975250000001, 0, 0, 0
57.564890750000004, 0, 0, 1
57.613009500000004, 0, 0, 0
57.678128333333333, 0, 0, 1
57.725891666666669, 0, 0, 0
57.797033083333339, 0, 0, 1
57.843597333333335, 0, 0, 0
57.916796666666670, 0, 0, 1
57.971582833333336, 0, 0, 0
58.034952750000002, 0, 0, 1
58.085494916666669, 0, 0, 0
58.163347000000002, 0, 0, 1
58.212690083333335, 0, 0, 0
58.286274416666672, 0, 0, 1
58.330846833333339, 0, 0, 0
58.407045000000004, 0, 0, 1
58.451204916666669, 0, 0, 0
58.521588583333340, 0, 0, 1
58.571521583333336, 0, 0, 0
58.654531250000005, 0, 0, 1
58.710643500000003, 0, 0, 0
58.810673166666668, 0, 0, 1
58.852968000000004, 0, 0, 0
59.108556333333340, 0, 0, 1
59.163596250000005, 0, 0, 0
59.242515333333337, 0, 0, 1
59.298982833333334, 0, 0, 0
59.943878500000004, 1, 0, 0
62.511020666666667, 1, 1, 0
62.735703416666674, 1, 1, 1
62.743891916666669, 1, 0, 1
62.744666083333335, 0, 0, 1
62.895734333333337, 0, 0, 0
62.941573166666672, 0, 0, 1
62.985428583333338, 0, 0, 0
63.040484500000005, 0, 0, 1
63.085615166666670, 0, 0, 0
63.145045916666668, 0, 0, 1
63.191610333333337, 0, 0, 0
63.254216416666672, 0, 0, 1
63.301110750000007, 0, 0, 0
63.366564083333337, 0, 0, 1
63.415831083333337, 0, 0, 0
63.480419500000004, 0, 0, 1
63.527186916666672, 0, 0, 0
63.598454666666669, 0, 0, 1
63.646421000000004, 0, 0, 0
63.751563916666669, 0, 0, 1
63.783054916666671, 0, 0, 0
65.761066749999998, 1, 0, 0
65.907075083333339, 1, 0, 1
65.941763333333341, 1, 0, 0
65.999338083333342, 1, 0, 1
66.047532750000002, 1, 0, 0
66.109356000000005, 1, 0, 1
66.158445416666666, 1, 0, 0
66.235179916666667, 1, 0, 1
66.287225666666671, 1, 0, 0
66.369376666666668, 1, 0, 1
66.420096583333333, 1, 0, 0
66.486010666666672, 1, 0, 1
66.544571666666670, 1, 0, 0
67.413467750000009, 1, 0, 1
67.466617333333332, 1, 0, 0
67.530827083333335, 1, 0, 1
67.586913916666674, 1, 0, 0
67.698761416666670, 1, 0, 1
67.733139000000008, 1, 0, 0
67.814627166666668, 1, 0, 1
67.876683916666664, 1, 0, 0
67.942648666666670, 1, 0, 1
67.996565750000002, 1, 0, 0
68.327250833333338, 1, 1, 0
68.420570500000011, 1, 1, 1
68.552411166666673, 1, 0, 1
68.553469000000007, 0, 0, 1
68.604856666666677, 0, 0, 0
68.655323000000010, 0, 0, 1
68.701728666666668, 0, 0, 0
68.756380416666673, 0, 0, 1
68.796562666666674, 0, 0, 0
68.860589333333337, 0, 0, 1
68.896121333333340, 0, 0, 0
68.959415416666673, 0, 0, 1
69.000124333333332, 0, 0, 0
69.061411166666673, 0, 0, 1
69.101948500000006, 0, 0, 0
69.161808583333340, 0, 0, 1
69.204464916666666, 0, 0, 0
69.272664333333339, 0, 0, 1
69.312941750000007, 0, 0, 0
69.377479500000007, 0, 0, 1
69.434124666666676, 0, 0, 0
69.497898583333338, 0, 0, 1
69.548009416666673, 0, 0, 0
69.630185916666676, 0, 0, 1
69.669238833333338, 0, 0, 0
69.771383166666666, 0, 0, 1
69.815130833333342, 0, 0, 0
69.916587166666673, 0, 0, 1
69.967592333333343, 0, 0, 0
70.055355833333337, 0, 0, 1
70.108118333333337, 0, 0, 0
70.739349166666670, 0, 0, 1
70.779271333333341, 0, 0, 0
70.978598250000005, 0, 0, 1
71.033409833333337, 0, 0, 0
71.370883916666671, 0, 0, 1
71.418082666666677, 0, 0, 0
71.499495333333343, 0, 0, 1
71.553970666666672, 0, 0, 0
71.559763333333336, 1, 0, 0
71.801154833333342, 1, 0, 1
71.853435083333338, 1, 0, 0
72.273622083333336, 1, 0, 1
72.327482166666670, 1, 0, 0
72.726274500000002, 1, 0, 1
72.778631083333337, 1, 0, 0
72.887303250000002, 1, 0, 1
72.950152833333334, 1, 0, 0
73.039261000000010, 1, 0, 1
73.092410416666667, 1, 0, 0
73.403616249999999, 1, 0, 1
73.467309583333332, 1, 0, 0
73.722872666666674, 1, 0, 1
73.783552583333332, 1, 0, 0
74.089827833333331, 1, 0, 1
74.127323833333335, 1, 1, 1
74.146357000000009, 1, 1, 0
74.336522333333335, 1, 1, 1
74.345480166666675, 1, 0, 1
74.346362333333332, 0, 0, 1
74.467319666666668, 0, 0, 0
74.517426166666667, 0, 0, 1
74.564421916666674, 0, 0, 0
74.615999333333335, 0, 0, 1
74.658268833333338, 0, 0, 0
74.716253916666673, 0, 0, 1
74.762964333333343, 0, 0, 0
74.820393833333341, 0, 0, 1
74.859319916666678, 0, 0, 0
74.926244166666677, 0, 0, 1
74.972167833333344, 0, 0, 0
75.044578250000001, 0, 0, 1
75.082153083333338, 0, 0, 0
75.153629083333342, 0, 0, 1
75.198271333333338, 0, 0, 0
75.284488166666677, 0, 0, 1
75.326808249999999, 0, 0, 0
76.082436583333333, 0, 0, 1
76.137267500000007, 0, 0, 0
76.209128500000006, 0, 0, 1
76.258446166666673, 0, 0, 0
76.331064583333344, 0, 0, 1
76.385463999999999, 0, 0, 0
77.360005666666666, 1, 0, 0
79.927002333333334, 1, 1, 0
80.136185583333344, 1, 1, 1
80.151643000000007, 1, 0, 1
80.152677833333343, 0, 0, 1
80.347210166666670, 0, 0, 0
80.404987000000006, 0, 0, 1
80.447085000000001, 0, 0, 0
80.509179666666668, 0, 0, 1
80.552781333333343, 0, 0, 0
80.617748666666671, 0, 0, 1
80.657746916666667, 0, 0, 0
80.734203666666673, 0, 0, 1
80.788400083333343, 0, 0, 0
80.838121333333333, 0, 0, 1
80.884609500000010, 0, 0, 0
80.956691500000005, 0, 0, 1
81.001054500000009, 0, 0, 0
81.068698250000011, 0, 0, 1
81.123859000000010, 0, 0, 0
81.192588833333332, 0, 0, 1
81.248015666666674, 0, 0, 0
81.316770833333337, 0, 0, 1
81.371500000000012, 0, 0, 0
81.448872083333342, 0, 0, 1
81.502503750000002, 0, 0, 0
81.572149000000010, 0, 0, 1
81.623458833333345, 0, 0, 0
81.694682083333333, 0, 0, 1
81.741779333333341, 0, 0, 0
81.806342333333333, 0, 0, 1
81.855533333333341, 0, 0, 0
81.921188749999999, 0, 0, 1
81.971959333333345, 0, 0, 0
82.038637166666675, 0, 0, 1
82.091526666666667, 0, 0, 0
82.169100833333331, 0, 0, 1
82.224064833333344, 0, 0, 0
82.301329833333341, 0, 0, 1
82.359021750000011, 0, 0, 0
82.447195583333340, 0, 0, 1
82.504069250000001, 0, 0, 0
82.598082416666671, 0, 0, 1
82.657893166666668, 0, 0, 0
82.761104500000002, 0, 0, 1
82.810092416666677, 0, 0, 0
82.877780583333333, 0, 0, 1
82.934019583333338, 0, 0, 0
83.159340666666665, 1, 0, 0
83.194928000000004, 1, 0, 1
83.258951416666676, 1, 0, 0
83.330957666666677, 1, 0, 1
83.399402833333340, 1, 0, 0
83.779748500000011, 1, 0, 1
83.832155833333331, 1, 0, 0
83.900835166666667, 1, 0, 1
83.955412083333343, 1, 0, 0
84.055094333333344, 1, 0, 1
84.125093750000005, 1, 0, 0
84.216436750000000, 1, 0, 1
84.281253000000007, 1, 0, 0
84.934004666666667, 1, 0, 1
84.994583083333339, 1, 0, 0
85.138039666666671, 1, 0, 1
85.198846666666668, 1, 0, 0
85.289886416666675, 1, 0, 1
85.352507833333334, 1, 0, 0
85.498533916666673, 1, 0, 1
85.556098833333337, 1, 0, 0
85.726256833333338, 1, 1, 0
85.961002250000007, 1, 0, 0
85.961954000000006, 0, 0, 0
85.990761333333339, 0, 0, 1
86.167138000000008, 0, 0, 0
86.216733166666671, 0, 0, 1
86.258901166666675, 0, 0, 0
86.312871000000001, 0, 0, 1
86.353865249999998, 0, 0, 0
86.412790916666665, 0, 0, 1
86.457128666666677, 0, 0, 0
86.515214749999998, 0, 0, 1
86.560979750000001, 0, 0, 0
86.624785333333335, 0, 0, 1
86.667511583333336, 0, 0, 0
86.736677000000000, 0, 0, 1
86.780221583333343, 0, 0, 0
86.850201166666679, 0, 0, 1
86.893669833333334, 0, 0, 0
86.963750583333336, 0, 0, 1
87.016132583333345, 0, 0, 0
87.100972916666677, 0, 0, 1
87.148425500000002, 0, 0, 0
87.149846166666677, 0, 0, 1
87.150055916666673, 0, 0, 0
88.976271833333342, 1, 0, 0
89.276102583333341, 1, 0, 1
89.322540000000004, 1, 0, 0
89.384028833333332, 1, 0, 1
89.434012666666675, 1, 0, 0
89.502792833333345, 1, 0, 1
89.554432500000004, 1, 0, 0
89.639651916666679, 1, 0, 1
89.695510166666679, 1, 0, 0
91.370627083333332, 1, 0, 1
91.400944250000009, 1, 0, 0
91.475545166666677, 1, 0, 1
91.528206166666678, 1, 0, 0
91.542893833333338, 1, 1, 0
91.623682500000001, 1, 1, 1
91.782685333333333, 1, 0, 1
91.783616166666675, 0, 0, 1
91.913651250000001, 0, 0, 0
91.965354750000003, 0, 0, 1
92.005277000000007, 0, 0, 0
92.062649833333339, 0, 0, 1
92.105534500000005, 0, 0, 0
92.166158500000009, 0, 0, 1
92.209144750000007, 0, 0, 0
92.269749500000003, 0, 0, 1
92.312374416666671, 0, 0, 0
92.376609166666668, 0, 0, 1
92.421765250000007, 0, 0, 0
92.492679250000009, 0, 0, 1
92.533622833333339, 0, 0, 0
92.603955833333345, 0, 0, 1
92.661825583333339, 0, 0, 0
92.725018833333337, 0, 0, 1
92.772731416666673, 0, 0, 0
92.852307000000010, 0, 0, 1
92.896416333333335, 0, 0, 0
92.969060166666679, 0, 0, 1
93.018891833333342, 0, 0, 0
93.083252999999999, 0, 0, 1
93.131067250000001, 0, 0, 0
93.197278166666678, 0, 0, 1
93.243918583333340, 0, 0, 0
93.316354000000004, 0, 0, 1
93.363660666666675, 0, 0, 0
93.428981583333339, 0, 0, 1
93.478610083333336, 0, 0, 0
93.542030666666676, 0, 0, 1
93.591989166666679, 0, 0, 0
93.657897166666672, 0, 0, 1
93.706681833333334, 0, 0, 0
93.778460833333341, 0, 0, 1
93.831274083333341, 0, 0, 0
93.912787750000007, 0, 0, 1
93.970098833333338, 0, 0, 0
94.055015000000012, 0, 0, 1
94.110099750000003, 0, 0, 0
94.772251583333343, 0, 0, 1
94.791779166666672, 1, 0, 1
94.819664250000002, 1, 0, 0
94.893861083333334, 1, 0, 1
94.951756083333336, 1, 0, 0
95.031085166666671, 1, 0, 1
95.087064250000012, 1, 0, 0
95.194012749999999, 1, 0, 1
95.255231916666673, 1, 0, 0
95.394111666666674, 1, 0, 1
95.454157250000009, 1, 0, 0
95.519534916666672, 1, 0, 1
95.578298833333335, 1, 0, 0
95.655595166666672, 1, 0, 1
95.723038166666669, 1, 0, 0
96.051471916666671, 1, 0, 1
96.108041083333333, 1, 0, 0
96.234143333333336, 1, 0, 1
96.276977333333335, 1, 0, 0
96.349722166666666, 1, 0, 1
96.412958666666668, 1, 0, 0
96.492256333333344, 1, 0, 1
96.551305833333345, 1, 0, 0
96.633633583333335, 1, 0, 1
96.692778416666670, 1, 0, 0
96.779954833333335, 1, 0, 1
96.841916333333344, 1, 0, 0
97.245026833333341, 1, 0, 1
97.301773583333343, 1, 0, 0
97.359269750000010, 1, 1, 0
97.380678333333336, 1, 1, 1
97.438604833333343, 1, 1, 0
97.568367250000009, 1, 1, 1
97.590533916666672, 1, 0, 1
97.591416166666676, 0, 0, 1
97.628307750000005, 0, 0, 0
97.676482500000006, 0, 0, 1
97.722609000000006, 0, 0, 0
97.773908750000004, 0, 0, 1
97.819293083333335, 0, 0, 0
97.876160500000012, 0, 0, 1
97.918734499999999, 0, 0, 0
97.979591833333345, 0, 0, 1
98.022908083333334, 0, 0, 0
98.084598916666678, 0, 0, 1
98.128581333333344, 0, 0, 0
98.194110416666675, 0, 0, 1
98.238454416666670, 0, 0, 0
98.301893833333338, 0, 0, 1
98.353260583333338, 0, 0, 0
98.423107666666667, 0, 0, 1
98.470763250000005, 0, 0, 0
98.538350500000007, 0, 0, 1
98.585809250000011, 0, 0, 0
98.656925166666667, 0, 0, 1
98.706090750000001, 0, 0, 0
98.777591833333332, 0, 0, 1
98.828368583333344, 0, 0, 0
98.918183666666678, 0, 0, 1
98.968472166666672, 0, 0, 0
100.608296833333341, 1, 0, 0
100.845117666666667, 1, 0, 1
100.887438000000003, 1, 0, 0
100.939804333333342, 1, 0, 1
100.985448833333336, 1, 0, 0
101.062814750000001, 1, 0, 1
101.117854750000006, 1, 0, 0
101.210037333333347, 1, 0, 1
101.269239083333346, 1, 0, 0
101.337028166666670, 1, 0, 1
101.394644000000000, 1, 0, 0
101.516251500000010, 1, 0, 1
101.563964166666679, 1, 0, 0
101.646260666666677, 1, 0, 1
101.707936583333336, 1, 0, 0
101.784469083333335, 1, 0, 1
101.845022083333333, 1, 0, 0
102.280272166666677, 1, 0, 1
102.329082166666666, 1, 0, 0
102.414377166666668, 1, 0, 1
102.469157333333342, 1, 0, 0
102.544547083333342, 1, 0, 1
102.597157416666676, 1, 0, 0
102.946247416666679, 1, 0, 1
102.999707833333346, 1, 0, 0
103.150096416666671, 1, 0, 1
103.175950916666679, 1, 1, 1
103.204125833333336, 1, 1, 0
103.389234916666666, 1, 1, 1
103.394405250000005, 1, 1, 0
103.398319333333333, 1, 1, 1
103.406069083333335, 1, 0, 1
103.407027583333345, 0, 0, 1
103.423684000000009, 0, 0, 0
103.437427333333346, 0, 0, 1
103.490475416666669, 0, 0, 0
103.537071666666677, 0, 0, 1
103.582075500000002, 0, 0, 0
103.636960916666666, 0, 0, 1
103.682675250000003, 0, 0, 0
103.744246166666670, 0, 0, 1
103.794483666666679, 0, 0, 0
103.853813416666668, 0, 0, 1
103.901367416666673, 0, 0, 0
103.964636333333345, 0, 0, 1
104.010585333333339, 0, 0, 0
104.080861833333344, 0, 0, 1
104.127730750000012, 0, 0, 0
104.198670000000007, 0, 0, 1
104.248882333333341, 0, 0, 0
104.335275666666675, 0, 0, 1
104.381732416666679, 0, 0, 0
104.619252833333334, 0, 0, 1
104.654271166666675, 0, 0, 0
104.722085333333339, 0, 0, 1
104.770819416666669, 0, 0, 0
104.854946500000011, 0, 0, 1
104.911775500000005, 0, 0, 0
104.995978333333341, 0, 0, 1
105.045448416666673, 0, 0, 0
105.529201083333334, 0, 0, 1
105.581640000000007, 0, 0, 0
105.670590416666670, 0, 0, 1
105.724837500000007, 0, 0, 0
106.425483250000013, 1, 0, 0
108.601462000000012, 1, 0, 1
108.636480166666672, 1, 0, 0
108.698530833333336, 1, 0, 1
108.749688333333339, 1, 0, 0
108.834068083333335, 1, 0, 1
108.884667333333340, 1, 0, 0
108.992118166666671, 1, 1, 0
109.017541666666673, 1, 1, 1
109.053270500000011, 1, 1, 0
109.201477166666677, 1, 1, 1
109.226978916666667, 1, 0, 1
109.227935416666668, 0, 0, 1
109.358021250000007, 0, 0, 0
109.409421916666673, 0, 0, 1
109.451183833333346, 0, 0, 0
109.507028750000003, 0, 0, 1
109.548866750000002, 0, 0, 0
109.608556166666673, 0, 0, 1
109.650698833333337, 0, 0, 0
109.715388333333337, 0, 0, 1
109.758450750000009, 0, 0, 0
109.824844583333345, 0, 0, 1
109.870026000000010, 0, 0, 0
109.936824083333335, 0, 0, 1
109.983921333333342, 0, 0, 0
110.052474416666669, 0, 0, 1
110.097148250000004, 0, 0, 0
110.168750500000002, 0, 0, 1
110.217630500000013, 0, 0, 0
110.288601250000013, 0, 0, 1
110.336643750000007, 0, 0, 0
110.423820166666673, 0, 0, 1
110.466292750000008, 0, 0, 0
112.241619666666679, 1, 0, 0
112.565616416666671, 1, 0, 1
112.603800333333339, 1, 0, 0
112.655125000000012, 1, 0, 1
112.702558583333342, 1, 0, 0
112.766484250000005, 1, 0, 1
112.815345166666674, 1, 0, 0
112.886770666666678, 1, 0, 1
112.934527833333334, 1, 0, 0
113.007348333333340, 1, 0, 1
113.057922083333338, 1, 0, 0
113.153810250000006, 1, 0, 1
113.212453666666676, 1, 0, 0
113.291700750000004, 1, 0, 1
113.344006666666672, 1, 0, 0
113.411997916666678, 1, 0, 1
113.471377166666670, 1, 0, 0
113.560207666666670, 1, 0, 1
113.614733750000013, 1, 0, 0
114.044093500000002, 1, 0, 1
114.093715833333334, 1, 0, 0
114.229294000000010, 1, 0, 1
114.287550583333342, 1, 0, 0
114.394013000000001, 1, 0, 1
114.452574000000013, 1, 0, 0
114.540564833333335, 1, 0, 1
114.602881416666676, 1, 0, 0
114.808335333333346, 1, 1, 0
114.825368833333343, 1, 1, 1
114.889068666666674, 1, 1, 0
115.015580166666680, 1, 1, 1
115.032137666666671, 1, 0, 1
115.033096250000014, 0, 0, 1
115.074575500000009, 0, 0, 0
115.127371166666677, 0, 0, 1
115.169672333333338, 0, 0, 0
115.223610916666672, 0, 0, 1
115.265195000000006, 0, 0, 0
115.323508250000003, 0, 0, 1
115.366393083333335, 0, 0, 0
115.429504333333341, 0, 0, 1
115.471113916666667, 0, 0, 0
115.534610083333334, 0, 0, 1
115.575655250000011, 0, 0, 0
115.647611000000012, 0, 0, 1
115.688097833333345, 0, 0, 0
115.756398166666671, 0, 0, 1
115.796751750000013, 0, 0, 0
115.868858833333334, 0, 0, 1
115.914300416666677, 0, 0, 0
115.987676583333339, 0, 0, 1
116.028905500000008, 0, 0, 0
116.102691833333338, 0, 0, 1
116.152162000000004, 0, 0, 0
116.227217500000009, 0, 0, 1
116.269436250000012, 0, 0, 0
116.349630250000004, 0, 0, 1
116.392743500000009, 0, 0, 0
118.041583083333336, 1, 0, 0
118.253044583333335, 1, 0, 1
118.294165750000005, 1, 0, 0
118.349562500000005, 1, 0, 1
118.393722500000010, 1, 0, 0
118.455514166666674, 1, 0, 1
118.503353666666669, 1, 0, 0
118.573756500000002, 1, 0, 1
118.621824333333336, 1, 0, 0
118.692208000000008, 1, 0, 1
118.747578083333337, 1, 0, 0
118.837702416666673, 1, 0, 1
118.897621083333334, 1, 0, 0
118.987259583333341, 1, 0, 1
119.036735833333339, 1, 0, 0
119.264774333333335, 1, 0, 1
119.325841250000011, 1, 0, 0
119.429633500000008, 1, 0, 1
119.494912916666678, 1, 0, 0
120.068234333333336, 1, 0, 1
120.125006500000012, 1, 0, 0
120.258274083333347, 1, 0, 1
120.297993250000005, 1, 0, 0
120.435787166666671, 1, 0, 1
120.492889083333338, 1, 0, 0
120.608243833333347, 1, 1, 0
120.816698000000002, 1, 1, 1
120.828087750000009, 1, 1, 0
120.831566416666675, 1, 1, 1
120.834762583333344, 1, 0, 1
120.835695666666680, 0, 0, 1
120.857211083333340, 0, 0, 0
120.884451833333344, 0, 0, 1
120.932285166666674, 0, 0, 0
120.984096166666674, 0, 0, 1
121.029277416666673, 0, 0, 0
121.084819250000010, 0, 0, 1
121.127450250000010, 0, 0, 0
121.187417583333342, 0, 0, 1
121.231704416666673, 0, 0, 0
121.295099583333339, 0, 0, 1
121.336525416666674, 0, 0, 0
121.404011333333344, 0, 0, 1
121.447200666666674, 0, 0, 0
121.514989916666678, 0, 0, 1
121.555064416666667, 0, 0, 0
121.633048916666681, 0, 0, 1
121.672533333333334, 0, 0, 0
121.749167000000014, 0, 0, 1
121.800299083333343, 0, 0, 0
121.866920333333340, 0, 0, 1
121.920602666666667, 0, 0, 0
121.996422083333343, 0, 0, 1
122.039027750000002, 0, 0, 0
122.119651083333338, 0, 0, 1
122.161946083333348, 0, 0, 0
122.248282666666668, 0, 0, 1
122.292474333333345, 0, 0, 0
123.840716333333347, 1, 0, 0
125.783120333333343, 1, 0, 1
125.813234666666673, 1, 0, 0
125.869414000000006, 1, 0, 1
125.910205333333337, 1, 0, 0
125.976725583333348, 1, 0, 1
126.024051166666681, 1, 0, 0
126.104901833333344, 1, 0, 1
126.155367750000011, 1, 0, 0
126.232942083333342, 1, 0, 1
126.291706083333338, 1, 0, 0
126.408102500000012, 1, 1, 0
126.616372083333346, 1, 1, 1
126.631295250000008, 1, 0, 1
126.632304666666670, 0, 0, 1
126.736473500000002, 0, 0, 0
126.748335916666676, 0, 0, 1
126.797222083333338, 0, 0, 0
126.852258833333337, 0, 0, 1
126.896368166666676, 0, 0, 0
126.957042583333347, 0, 0, 1
126.999413583333336, 0, 0, 0
127.060473000000002, 0, 0, 1
127.104328416666675, 0, 0, 0
127.173285333333340, 0, 0, 1
127.213899083333345, 0, 0, 0
127.281688250000002, 0, 0, 1
127.325569166666668, 0, 0, 0
127.397802583333345, 0, 0, 1
127.440078416666680, 0, 0, 0
127.509723416666674, 0, 0, 1
127.554955500000005, 0, 0, 0
127.632529666666670, 0, 0, 1
127.676410500000003, 0, 0, 0
127.756238500000009, 0, 0, 1
127.791643583333340, 0, 0, 0
127.870941250000001, 0, 0, 1
127.913191583333344, 0, 0, 0
127.996832750000010, 0, 0, 1
128.040510583333344, 0, 0, 0
128.131247500000001, 0, 0, 1
128.164781333333337, 0, 0, 0
128.259482833333351, 0, 0, 1
128.293175166666686, 0, 0, 0
128.400344833333349, 0, 0, 1
128.432305166666680, 0, 0, 0
128.523136666666687, 0, 0, 1
128.558516583333329, 0, 0, 0
128.646147333333346, 0, 0, 1
128.695649000000003, 0, 0, 0
128.783456749999999, 0, 0, 1
128.834157333333337, 0, 0, 0
128.933176750000001, 0, 0, 1
128.980730833333354, 0, 0, 0
129.062496833333341, 0, 0, 1
129.118634333333347, 0, 0, 0
129.233228166666663, 0, 0, 1
129.281086833333347, 0, 0, 0
129.387423000000013, 0, 0, 1
129.448337750000007, 0, 0, 0
129.536883916666682, 0, 0, 1
129.603977666666680, 0, 0, 0
129.641322750000000, 1, 0, 0
129.994871000000018, 1, 0, 1
130.043757333333332, 1, 0, 0
130.169045333333344, 1, 0, 1
130.226870250000019, 1, 0, 0
130.504509750000011, 1, 0, 1
130.554493500000007, 1, 0, 0
131.297464166666686, 1, 0, 1
131.356615333333338, 1, 0, 0
131.476922333333334, 1, 0, 1
131.533110666666687, 1, 0, 0
131.625242500000013, 1, 0, 1
131.687330916666667, 1, 0, 0
131.753749999999997, 1, 0, 1
131.808047916666681, 1, 0, 0
131.918727416666684, 1, 0, 1
131.981754666666689, 1, 0, 0
132.079732666666672, 1, 0, 1
132.150651916666675, 1, 0, 0
132.207239000000015, 1, 1, 0
132.415803583333343, 1, 1, 1
132.432570999999996, 1, 0, 1
132.433421500000009, 0, 0, 1
132.558933833333327, 0, 0, 0
132.612853333333334, 0, 0, 1
132.649121333333341, 0, 0, 0
132.709189666666674, 0, 0, 1
132.745762250000013, 0, 0, 0
132.807812750000011, 0, 0, 1
132.848756416666674, 0, 0, 0
132.911084833333348, 0, 0, 1
132.951463666666683, 0, 0, 0
133.027106250000003, 0, 0, 1
133.066952250000014, 0, 0, 0
133.134791916666671, 0, 0, 1
133.178292083333332, 0, 0, 0
133.248776750000019, 0, 0, 1
133.292626083333346, 0, 0, 0
133.365579083333330, 0, 0, 1
133.411268166666673, 0, 0, 0
133.500426916666669, 0, 0, 1
133.544821583333345, 0, 0, 0
133.643607666666668, 0, 0, 1
133.680668666666662, 0, 0, 0
135.439682750000003, 1, 0, 0
135.855256083333330, 1, 0, 1
135.894512166666686, 1, 0, 0
135.952137416666687, 1, 0, 1
135.991012750000010, 1, 0, 0
136.048006750000013, 1, 0, 1
136.096455333333353, 1, 0, 0
136.170014416666675, 1, 0, 1
136.219795333333337, 1, 0, 0
136.541669916666677, 1, 0, 1
136.591882249999998, 1, 0, 0
136.684089916666665, 1, 0, 1
136.738387750000015, 1, 0, 0
136.803992666666687, 1, 0, 1
136.858823333333333, 1, 0, 0
137.513481583333345, 1, 0, 1
137.566168000000005, 1, 0, 0
137.648388666666676, 1, 0, 1
137.705039999999997, 1, 0, 0
138.006994500000019, 1, 1, 0
138.077107666666677, 1, 1, 1
138.215766833333333, 1, 1, 0
138.232815833333348, 1, 0, 0
138.233843333333340, 0, 0, 0
138.244349333333332, 0, 0, 1
138.318339083333342, 0, 0, 0
138.367346999999995, 0, 0, 1
138.419525833333353, 0, 0, 0
138.475377083333342, 0, 0, 1
138.515781500000003, 0, 0, 0
138.572876500000007, 0, 0, 1
138.611422000000005, 0, 0, 0
138.673623916666685, 0, 0, 1
138.712011000000018, 0, 0, 0
138.775229499999995, 0, 0, 1
138.815786166666669, 0, 0, 0
138.880450499999995, 0, 0, 1
138.923620666666665, 0, 0, 0
138.993467666666675, 0, 0, 1
139.031626250000016, 0, 0, 0
139.103865916666678, 0, 0, 1
139.146769833333337, 0, 0, 0
139.222437666666679, 0, 0, 1
139.262924499999997, 0, 0, 0
139.346546500000017, 0, 0, 1
139.390091250000012, 0, 0, 0
141.239507250000003, 1, 0, 0
141.530802750000021, 1, 0, 1
141.567711583333335, 1, 0, 0
141.628158750000011, 1, 0, 1
141.674336083333344, 1, 0, 0
141.746954500000015, 1, 0, 1
141.797401500000007, 1, 0, 0
142.493725500000011, 1, 0, 1
142.538957583333342, 1, 0, 0
142.638456833333350, 1, 0, 1
142.685401833333344, 1, 0, 0
142.765943083333354, 1, 0, 1
142.813833333333349, 1, 0, 0
143.504008333333331, 1, 0, 1
143.558128666666676, 1, 0, 0
143.656409416666662, 1, 0, 1
143.709482750000006, 1, 0, 0
143.806997083333329, 1, 1, 0
143.871220416666688, 1, 1, 1
144.015034833333345, 1, 1, 0
144.015571666666688, 1, 1, 1
144.023143250000004, 1, 0, 1
144.024152666666680, 0, 0, 1
144.094018000000005, 0, 0, 0
144.142552500000022, 0, 0, 1
144.188393750000017, 0, 0, 0
144.239901583333335, 0, 0, 1
144.281251083333331, 0, 0, 0
144.340858499999996, 0, 0, 1
144.380501500000008, 0, 0, 0
144.445342500000010, 0, 0, 1
144.486723750000010, 0, 0, 0
144.552606499999996, 0, 0, 1
144.592427166666681, 0, 0, 0
144.660803416666681, 0, 0, 1
144.702971416666685, 0, 0, 0
144.772256666666664, 0, 0, 1
144.817158916666671, 0, 0, 0
144.887770000000017, 0, 0, 1
144.929658833333349, 0, 0, 0
145.007662250000010, 0, 0, 1
145.053053000000006, 0, 0, 0
145.139414833333348, 0, 0, 1
145.176298166666669, 0, 0, 0
147.039634500000005, 1, 0, 0
149.606808000000001, 1, 1, 0
149.826429083333352, 1, 1, 1
149.832162750000009, 1, 0, 1
149.833273916666684, 0, 0, 1
150.002910166666680, 0, 0, 0
150.035510500000015, 0, 0, 1
150.077627666666672, 0, 0, 0
150.136446000000007, 0, 0, 1
150.177389666666670, 0, 0, 0
150.234938916666664, 0, 0, 1
150.281706250000013, 0, 0, 0
150.342633000000006, 0, 0, 1
150.382942083333347, 0, 0, 0
150.447884000000016, 0, 0, 1
150.490026666666665, 0, 0, 0
150.563971000000009, 0, 0, 1
150.603379416666684, 0, 0, 0
150.666875500000003, 0, 0, 1
150.713693666666671, 0, 0, 0
150.782524500000022, 0, 0, 1
150.822065916666674, 0, 0, 0
150.893769083333353, 0, 0, 1
150.939077416666663, 0, 0, 0
151.014132916666682, 0, 0, 1
151.060234250000008, 0, 0, 0
151.124216666666683, 0, 0, 1
151.173915166666688, 0, 0, 0
151.256369166666673, 0, 0, 1
151.303231833333342, 0, 0, 0
152.839535750000010, 1, 0, 0
153.129694833333332, 1, 0, 1
153.168234166666679, 1, 0, 0
153.243093666666681, 1, 0, 1
153.293788083333340, 1, 0, 0
153.433892666666679, 1, 0, 1
153.459642166666669, 1, 0, 0
153.560485999999997, 1, 0, 1
153.616572916666684, 1, 0, 0
153.717063249999995, 1, 0, 1
153.766051166666671, 1, 0, 0
153.967593666666687, 1, 0, 1
154.023293500000023, 1, 0, 0
154.563383250000015, 1, 0, 1
154.620129916666684, 1, 0, 0
154.829803749999996, 1, 0, 1
154.891403416666662, 1, 0, 0
155.136903583333350, 1, 0, 1
155.192222833333346, 1, 0, 0
155.406186666666684, 1, 1, 0
155.632593750000012, 1, 0, 0
155.633495000000011, 0, 0, 0
155.667554666666689, 0, 0, 1
155.739038583333354, 0, 0, 0
155.788381166666682, 0, 0, 1
155.826793416666675, 0, 0, 0
155.881476750000019, 0, 0, 1
155.921627333333333, 0, 0, 0
155.976153000000011, 0, 0, 1
156.017610333333351, 0, 0, 0
156.075740416666690, 0, 0, 1
156.117502500000001, 0, 0, 0
156.177160333333347, 0, 0, 1
156.221580416666683, 0, 0, 0
156.289445416666666, 0, 0, 1
156.333377000000013, 0, 0, 0
156.405534583333349, 0, 0, 1
156.449060166666669, 0, 0, 0
156.522234333333330, 0, 0, 1
156.564687583333352, 0, 0, 0
156.658063249999998, 0, 0, 1
156.690861083333346, 0, 0, 0
157.574037500000003, 0, 0, 1
157.630454166666681, 0, 0, 0
157.740148833333336, 0, 0, 1
157.797276250000010, 0, 0, 0
157.926377250000002, 0, 0, 1
157.969522000000012, 0, 0, 0
158.071634916666682, 0, 0, 1
158.128540000000015, 0, 0, 0
158.640010416666684, 1, 0, 0
161.206546416666669, 1, 1, 0
161.419879250000008, 1, 1, 1
161.434745333333353, 1, 0, 1
161.435449416666671, 0, 0, 1
161.582695166666667, 0, 0, 0
161.622101000000015, 0, 0, 1
161.660132666666669, 0, 0, 0
161.725384000000020, 0, 0, 1
161.761937333333350, 0, 0, 0
161.825048666666675, 0, 0, 1
161.866404500000016, 0, 0, 0
161.935184583333353, 0, 0, 1
161.971579500000018, 0, 0, 0
162.045517333333351, 0, 0, 1
162.082483249999996, 0, 0, 0
162.166787083333332, 0, 0, 1
162.202471416666668, 0, 0, 0
162.285557000000011, 0, 0, 1
162.320143750000000, 0, 0, 0
162.397945333333354, 0, 0, 1
162.439624916666673, 0, 0, 0
162.513386166666663, 0, 0, 1
162.554716583333345, 0, 0, 0
162.623774499999996, 0, 0, 1
162.665815666666674, 0, 0, 0
162.739349500000003, 0, 0, 1
162.785527000000002, 0, 0, 0
162.868587333333352, 0, 0, 1
162.923830333333342, 0, 0, 0
163.009788333333347, 0, 0, 1
163.032263000000000, 0, 0, 0
163.325760666666667, 0, 0, 1
163.331287166666669, 0, 0, 0
164.455465833333335, 1, 0, 0
165.030196250000017, 1, 0, 1
165.062327833333342, 1, 0, 0
165.126537333333346, 1, 0, 1
165.171262000000013, 1, 0, 0
165.237018250000006, 1, 0, 1
165.281762083333348, 1, 0, 0
165.371330833333332, 1, 0, 1
165.425578000000002, 1, 0, 0
165.499490833333340, 1, 0, 1
165.557132000000024, 1, 0, 0
166.178981666666687, 1, 0, 1
166.229707666666684, 1, 0, 0
166.450101000000018, 1, 0, 1
166.473116166666671, 1, 0, 0
166.547685333333334, 1, 0, 1
166.596089500000005, 1, 0, 0
166.788737249999997, 1, 0, 1
166.848751166666688, 1, 0, 0
166.922360916666690, 1, 0, 1
166.977248583333335, 1, 0, 0
167.022017750000003, 1, 1, 0
167.237220083333341, 1, 1, 1
167.255952833333339, 1, 0, 1
167.256885833333342, 0, 0, 1
167.359383416666674, 0, 0, 0
167.398183083333350, 0, 0, 1
167.440046666666689, 0, 0, 0
167.494572250000004, 0, 0, 1
167.532350166666674, 0, 0, 0
167.592645666666670, 0, 0, 1
167.628533083333338, 0, 0, 0
167.691265333333348, 0, 0, 1
167.728738666666686, 0, 0, 0
167.796881416666679, 0, 0, 1
167.836169083333345, 0, 0, 0
167.906243666666683, 0, 0, 1
167.946933500000000, 0, 0, 0
168.020669333333331, 0, 0, 1
168.062431250000003, 0, 0, 0
168.133395666666672, 0, 0, 1
168.174973750000021, 0, 0, 0
168.248867583333350, 0, 0, 1
168.293636750000019, 0, 0, 0
168.368212249999999, 0, 0, 1
168.414059833333340, 0, 0, 0
168.500371166666667, 0, 0, 1
168.549485833333335, 0, 0, 0
170.272313916666690, 1, 0, 0
170.473440916666675, 1, 0, 1
170.505217333333349, 1, 0, 0
170.562179500000013, 1, 0, 1
170.606752000000000, 1, 0, 0
170.677438666666689, 1, 0, 1
170.729693666666691, 1, 0, 0
170.827924166666691, 1, 0, 1
170.877749500000021, 1, 0, 0
170.961958750000008, 1, 0, 1
171.014036000000004, 1, 0, 0
171.700271833333346, 1, 0, 1
171.755305583333353, 1, 0, 0
171.856869333333350, 1, 0, 1
171.908356583333330, 1, 0, 0
171.989510416666690, 1, 0, 1
172.037476916666691, 1, 0, 0
172.279927833333346, 1, 0, 1
172.340353916666686, 1, 0, 0
172.839147833333357, 1, 1, 0
172.940567333333348, 1, 1, 1
173.069260000000014, 1, 0, 1
173.070241666666675, 0, 0, 1
173.119459666666671, 0, 0, 0
173.173101416666668, 0, 0, 1
173.214222500000005, 0, 0, 0
173.269183499999997, 0, 0, 1
173.308744250000018, 0, 0, 0
173.375927333333351, 0, 0, 1
173.414111166666686, 0, 0, 0
173.480707166666690, 0, 0, 1
173.520553166666673, 0, 0, 0
173.587553000000014, 0, 0, 1
173.625870083333353, 0, 0, 0
173.705167916666682, 0, 0, 1
173.729054333333352, 0, 0, 0
173.810946666666666, 0, 0, 1
173.860112083333348, 0, 0, 0
173.925716750000021, 0, 0, 1
173.976899750000001, 0, 0, 0
174.058684916666664, 0, 0, 1
174.092738833333357, 0, 0, 0
176.088073833333340, 1, 0, 0
176.394848666666689, 1, 0, 1
176.442453499999999, 1, 0, 0
176.499213916666690, 1, 0, 1
176.544833083333344, 1, 0, 0
176.606700666666683, 1, 0, 1
176.652116666666672, 1, 0, 0
176.715562500000004, 1, 0, 1
176.767303750000025, 1, 0, 0
178.655671000000012, 1, 1, 0
178.866683000000023, 1, 1, 1
178.891228333333345, 1, 0, 1
178.892212333333333, 0, 0, 1
179.133503500000018, 0, 0, 0
179.189196833333341, 0, 0, 1
179.231313999999998, 0, 0, 0
179.292651333333339, 0, 0, 1
179.331012750000014, 0, 0, 0
179.400942000000015, 0, 0, 1
179.446301000000005, 0, 0, 0
179.505453833333348, 0, 0, 1
179.549867666666671, 0, 0, 0
179.627795583333352, 0, 0, 1
179.653703666666672, 0, 0, 0
181.904469000000006, 1, 0, 0
182.257814916666689, 1, 0, 1
182.302336500000024, 1, 0, 0
182.356350833333352, 1, 0, 1
182.402198249999998, 1, 0, 0
182.460435833333349, 1, 0, 1
182.504798916666687, 1, 0, 0
182.569311666666664, 1, 0, 1
182.615926666666667, 1, 0, 0
182.687276333333358, 1, 0, 1
182.737818500000003, 1, 0, 0
184.471624500000019, 1, 1, 0
184.680977916666677, 1, 1, 1
184.685636666666682, 1, 0, 1
184.686417083333339, 0, 0, 1
184.930789916666669, 0, 0, 0
184.979627250000021, 0, 0, 1
185.017354416666677, 0, 0, 0
185.078483333333338, 0, 0, 1
185.115728250000018, 0, 0, 0
185.181585750000011, 0, 0, 1
185.218037666666675, 0, 0, 0
185.290807583333333, 0, 0, 1
185.324728416666687, 0, 0, 0
185.395793916666690, 0, 0, 1
185.436356750000016, 0, 0, 0
185.513091500000002, 0, 0, 1
185.548566500000021, 0, 0, 0
185.614834083333335, 0, 0, 1
185.659330166666678, 0, 0, 0
185.726967916666666, 0, 0, 1
185.769186583333351, 0, 0, 0
185.840125749999999, 0, 0, 1
185.880200250000001, 0, 0, 0
185.946897166666673, 0, 0, 1
185.991469416666689, 0, 0, 0
186.068684000000019, 0, 0, 1
186.115019916666682, 0, 0, 0
186.204910833333344, 0, 0, 1
186.248893166666676, 0, 0, 0
187.306933333333347, 0, 0, 1
187.351683166666675, 0, 0, 0
187.421378666666669, 0, 0, 1
187.469827250000009, 0, 0, 0
187.704529333333340, 1, 0, 0
187.718336833333353, 1, 0, 1
187.747252083333336, 1, 0, 0
187.816720500000002, 1, 0, 1
187.871069000000006, 1, 0, 0
188.225493583333332, 1, 0, 1
188.271442666666672, 1, 0, 0
188.368884000000008, 1, 0, 1
188.420809166666686, 1, 0, 0
188.637673333333339, 1, 0, 1
188.685125833333359, 1, 0, 0
188.776544416666667, 1, 0, 1
188.836260000000010, 1, 0, 0
188.943789500000008, 1, 0, 1
189.003219583333333, 1, 0, 0
189.422333333333341, 1, 0, 1
189.477957250000003, 1, 0, 0
189.608459666666676, 1, 0, 1
189.662522750000022, 1, 0, 0
189.785809333333333, 1, 0, 1
189.851672416666673, 1, 0, 0
189.953993750000024, 1, 0, 1
190.017966166666668, 1, 0, 0
190.270931833333350, 1, 1, 0
190.486088333333356, 1, 0, 0
190.487040083333341, 0, 0, 0
190.521175499999998, 0, 0, 1
190.597715583333354, 0, 0, 0
190.645814500000000, 0, 0, 1
190.692677166666670, 0, 0, 0
190.744917166666681, 0, 0, 1
190.788030500000019, 0, 0, 0
190.842436166666687, 0, 0, 1
190.882358333333343, 0, 0, 0
190.939522833333342, 0, 0, 1
190.982997583333344, 0, 0, 0
191.046645500000011, 0, 0, 1
191.089143416666673, 0, 0, 0
191.157039916666690, 0, 0, 1
191.197393416666671, 0, 0, 0
191.273515750000001, 0, 0, 1
191.320536833333335, 0, 0, 0
191.388862416666683, 0, 0, 1
191.437412500000022, 0, 0, 0
193.504071750000008, 1, 0, 0
195.945884250000006, 1, 0, 1
195.988585250000000, 1, 0, 0
196.045074000000000, 1, 0, 1
196.070280583333357, 1, 1, 1
196.084670750000015, 1, 1, 0
196.144461333333339, 1, 1, 1
196.296086000000003, 1, 0, 1
196.297016833333345, 0, 0, 1
196.527782999999999, 0, 0, 0
196.584492666666677, 0, 0, 1
196.627631416666674, 0, 0, 0
196.689833583333353, 0, 0, 1
196.730599416666678, 0, 0, 0
196.793053916666679, 0, 0, 1
196.834175083333349, 0, 0, 0
196.904356916666671, 0, 0, 1
196.945909499999999, 0, 0, 0
197.016798333333355, 0, 0, 1
197.064485500000018, 0, 0, 0
199.303540083333331, 1, 0, 0
200.752987083333352, 1, 0, 1
200.793169250000005, 1, 0, 0
200.850181916666685, 1, 0, 1
200.893168333333335, 1, 0, 0
200.958091250000024, 1, 0, 1
201.004091000000017, 1, 0, 0
201.070377666666673, 1, 0, 1
201.119879333333358, 1, 0, 0
201.187971583333336, 1, 0, 1
201.241914000000008, 1, 0, 0
201.903273916666677, 1, 1, 0
201.999586000000022, 1, 1, 1
202.139188333333351, 1, 0, 1
202.140220666666693, 0, 0, 1
202.173071083333355, 0, 0, 0
202.225008333333335, 0, 0, 1
202.261612416666679, 0, 0, 0
202.318574666666677, 0, 0, 1
202.355331083333340, 0, 0, 0
202.417785666666674, 0, 0, 1
202.451985583333339, 0, 0, 0
202.515279916666685, 0, 0, 1
202.558494666666689, 0, 0, 0
202.628114666666676, 0, 0, 1
202.660100333333332, 0, 0, 0
202.734063666666685, 0, 0, 1
202.770458500000018, 0, 0, 0
202.843026666666674, 0, 0, 1
202.885708333333355, 0, 0, 0
202.955454333333336, 0, 0, 1
202.998263000000009, 0, 0, 0
203.068236333333346, 0, 0, 1
203.112269583333358, 0, 0, 0
203.183341333333345, 0, 0, 1
203.227241333333353, 0, 0, 0
203.300699500000007, 0, 0, 1
203.345271750000023, 0, 0, 0
203.436128500000024, 0, 0, 1
203.482642166666693, 0, 0, 0
203.729790083333341, 0, 0, 1
203.756947833333356, 0, 0, 0
205.153147333333351, 1, 0, 0
206.698027833333356, 1, 0, 1
206.740938000000000, 1, 0, 0
206.809926416666684, 1, 0, 1
206.859624833333356, 1, 0, 0
206.955266833333354, 1, 0, 1
207.002998666666684, 1, 0, 0
207.070812916666682, 1, 0, 1
207.127769000000001, 1, 0, 0
207.393540000000002, 1, 0, 1
207.456065916666688, 1, 0, 0
207.720388583333346, 1, 1, 0
207.742781916666672, 1, 1, 1
207.800556333333333, 1, 1, 0
207.927960416666679, 1, 1, 1
207.945491000000004, 1, 0, 1
207.946271416666690, 0, 0, 1
208.045302166666687, 0, 0, 0
208.098533500000002, 0, 0, 1
208.141951166666672, 0, 0, 0
208.196887083333337, 0, 0, 1
208.236834666666681, 0, 0, 0
208.295804666666669, 0, 0, 1
208.336672000000021, 0, 0, 0
208.405073333333348, 0, 0, 1
208.441753666666671, 0, 0, 0
208.513254666666683, 0, 0, 1
208.549268916666676, 0, 0, 0
208.627600583333333, 0, 0, 1
208.670745583333343, 0, 0, 0
210.952665500000023, 1, 0, 0
211.642242000000010, 1, 0, 1
211.683642416666686, 1, 0, 0
211.743073166666676, 1, 0, 1
211.785247333333359, 1, 0, 0
211.847266333333351, 1, 0, 1
211.895207333333360, 1, 0, 0
211.965389166666682, 1, 0, 1
212.014091583333339, 1, 0, 0
212.730055250000021, 1, 0, 1
212.779556833333345, 1, 0, 0
212.847598333333337, 1, 0, 1
212.896484666666680, 1, 0, 0
213.055086166666683, 1, 0, 1
213.086196583333333, 1, 0, 0
213.185645250000022, 1, 0, 1
213.248805666666669, 1, 0, 0
213.519984333333355, 1, 1, 0
213.730472500000019, 1, 1, 1
213.736511416666673, 1, 0, 1
213.737469916666669, 0, 0, 1
213.814362000000017, 0, 0, 0
213.870945416666672, 0, 0, 1
213.909693833333336, 0, 0, 0
213.966864333333348, 0, 0, 1
214.002136333333340, 0, 0, 0
214.061851000000019, 0, 0, 1
214.101722416666689, 0, 0, 0
214.159726250000006, 0, 0, 1
214.203607166666671, 0, 0, 0
214.267128666666679, 0, 0, 1
214.306257833333348, 0, 0, 0
214.377253833333356, 0, 0, 1
214.417176000000012, 0, 0, 0
214.493702250000013, 0, 0, 1
214.532552250000009, 0, 0, 0
214.617190833333353, 0, 0, 1
214.676392416666687, 0, 0, 0
214.889317500000004, 0, 0, 1
214.909947916666681, 0, 0, 0
216.753316083333345, 1, 0, 0
219.320028583333340, 1, 1, 0
219.541033166666693, 1, 0, 0
219.542035416666693, 0, 0, 0
219.549239750000027, 0, 0, 1
219.906270000000006, 0, 0, 0
219.968800416666681, 0, 0, 1
220.004357750000025, 0, 0, 0
220.072961333333353, 0, 0, 1
220.104813833333338, 0, 0, 0
220.181599083333339, 0, 0, 1
220.212252666666672, 0, 0, 0
220.287667916666692, 0, 0, 1
220.322939833333351, 0, 0, 0
220.400027833333354, 0, 0, 1
220.434614750000009, 0, 0, 0
220.515465333333339, 0, 0, 1
220.552501083333340, 0, 0, 0
220.621843083333346, 0, 0, 1
220.667176750000010, 0, 0, 0
220.730420500000008, 0, 0, 1
220.778076083333360, 0, 0, 0
220.850877583333357, 0, 0, 1
220.891637166666669, 0, 0, 0
220.973680916666666, 0, 0, 1
221.015982000000008, 0, 0, 0
221.105645833333341, 0, 0, 1
221.133596666666676, 0, 0, 0
221.233474666666666, 0, 0, 1
221.240413000000018, 0, 0, 0
221.369488583333350, 0, 0, 1
221.396081916666674, 0, 0, 0
221.519873500000017, 0, 0, 1
221.525577916666691, 0, 0, 0
222.552978250000024, 1, 0, 0
223.958770916666680, 1, 0, 1
223.973772916666690, 1, 0, 0
224.044383833333342, 1, 0, 1
224.084788333333336, 1, 0, 0
224.153012833333349, 1, 0, 1
224.199881833333336, 1, 0, 0
224.294349583333343, 1, 0, 1
224.322243333333347, 1, 0, 0
224.426445750000028, 1, 0, 1
224.476480416666675, 1, 0, 0
224.957562833333355, 1, 0, 1
225.004710833333348, 1, 0, 0
225.095984250000015, 1, 0, 1
225.119372166666693, 1, 1, 1
225.154657666666679, 1, 1, 0
225.328234833333340, 1, 1, 1
225.343463166666680, 1, 0, 1
225.344269083333359, 0, 0, 1
225.464012250000025, 0, 0, 0
225.496966083333348, 0, 0, 1
225.539774750000021, 0, 0, 0
225.600726833333340, 0, 0, 1
225.638301750000011, 0, 0, 0
225.703067000000004, 0, 0, 1
225.739188916666677, 0, 0, 0
225.801618333333352, 0, 0, 1
225.843684750000023, 0, 0, 0
225.907534583333359, 0, 0, 1
225.949753416666681, 0, 0, 0
226.027757000000008, 0, 0, 1
226.065458666666672, 0, 0, 0
226.138714916666686, 0, 0, 1
226.182437250000021, 0, 0, 0
226.248502916666666, 0, 0, 1
226.293202083333341, 0, 0, 0
226.363377416666680, 0, 0, 1
226.409098000000000, 0, 0, 0
226.504733833333347, 0, 0, 1
226.544351416666672, 0, 0, 0
226.789163333333335, 0, 0, 1
226.798378166666680, 0, 0, 0
228.351575750000023, 1, 0, 0
230.165181833333349, 1, 0, 1
230.191166000000010, 1, 0, 0
230.254561083333357, 1, 0, 1
230.296932166666693, 1, 0, 0
230.361520500000012, 1, 0, 1
230.405452166666691, 1, 0, 0
230.488259833333359, 1, 0, 1
230.530453166666689, 1, 0, 0
230.626903333333360, 1, 0, 1
230.658476750000005, 1, 0, 0
230.733993000000027, 1, 0, 1
230.789236000000017, 1, 0, 0
230.854506166666681, 1, 0, 1
230.904642166666690, 1, 0, 0
230.918894333333355, 1, 1, 0
231.154203000000024, 1, 0, 0
231.155154666666675, 0, 0, 0
231.270828833333354, 0, 0, 1
231.445213500000023, 0, 0, 0
231.500023083333360, 0, 0, 1
231.541651916666694, 0, 0, 0
231.599864333333358, 0, 0, 1
231.638485833333334, 0, 0, 0
231.701319333333345, 0, 0, 1
231.738817916666676, 0, 0, 0
231.803128416666681, 0, 0, 1
231.841287083333356, 0, 0, 0
231.916569666666675, 0, 0, 1
231.953224583333338, 0, 0, 0
232.026531333333338, 0, 0, 1
232.070919750000002, 0, 0, 0
232.144807083333347, 0, 0, 1
232.188637333333361, 0, 0, 0
232.386518333333356, 0, 0, 1
232.418193166666669, 0, 0, 0
232.502421416666692, 0, 0, 1
232.546099166666693, 0, 0, 0
232.616457750000023, 0, 0, 1
232.663859583333334, 0, 0, 0
232.737519833333351, 0, 0, 1
232.781400583333351, 0, 0, 0
232.852188500000011, 0, 0, 1
232.895301666666683, 0, 0, 0
232.975110583333361, 0, 0, 1
233.019911250000007, 0, 0, 0
233.115982666666667, 0, 0, 1
233.156926166666693, 0, 0, 0
233.427804416666675, 0, 0, 1
233.431155833333349, 0, 0, 0
234.169022916666677, 1, 0, 0
236.735281000000015, 1, 1, 0
236.960386916666693, 1, 0, 0
236.961161916666669, 0, 0, 0
237.020404333333346, 0, 0, 1
237.187816833333358, 0, 0, 0
237.218258000000020, 0, 0, 1
237.262062833333346, 0, 0, 0
237.319763916666687, 0, 0, 1
237.357744833333356, 0, 0, 0
237.423659000000015, 0, 0, 1
237.455816000000027, 0, 0, 0
237.526376333333360, 0, 0, 1
237.566070250000024, 0, 0, 0
239.968195666666674, 1, 0, 0
240.431438416666680, 1, 0, 1
240.474653166666684, 1, 0, 0
240.530068833333360, 1, 0, 1
240.573486583333334, 1, 0, 0
240.630606750000027, 1, 0, 1
240.673948416666690, 1, 0, 0
240.744843500000002, 1, 0, 1
240.790380250000027, 1, 0, 0
240.876843166666674, 1, 0, 1
240.883145250000013, 1, 0, 0
240.984854166666679, 1, 0, 1
240.999290500000001, 1, 0, 0
241.120032916666673, 1, 0, 1
241.130017416666675, 1, 0, 0
242.535010750000026, 1, 1, 0
242.749090083333357, 1, 0, 0
242.750067083333334, 0, 0, 0
242.771191333333348, 0, 0, 1
243.031094000000024, 0, 0, 0
243.071289083333340, 0, 0, 1
243.110037500000004, 0, 0, 0
243.171652500000022, 0, 0, 1
243.218343666666669, 0, 0, 0
243.272894500000007, 0, 0, 1
243.316902166666694, 0, 0, 0
243.379028416666671, 0, 0, 1
243.422446166666674, 0, 0, 0
243.493284333333349, 0, 0, 1
243.529095500000011, 0, 0, 0
243.614264333333352, 0, 0, 1
243.643947250000025, 0, 0, 0
243.717708416666682, 0, 0, 1
243.762997666666678, 0, 0, 0
243.830275333333361, 0, 0, 1
243.874695416666668, 0, 0, 0
243.942661250000015, 0, 0, 1
243.984575416666672, 0, 0, 0
244.054119666666679, 0, 0, 1
244.101140666666680, 0, 0, 0
244.167124333333362, 0, 0, 1
244.211005083333362, 0, 0, 0
244.281919250000016, 0, 0, 1
244.327126083333354, 0, 0, 0
244.400155000000012, 0, 0, 1
244.444111916666685, 0, 0, 0
244.520158333333342, 0, 0, 1
244.572515000000010, 0, 0, 0
244.647317666666680, 0, 0, 1
244.697047833333357, 0, 0, 0
244.985053416666688, 0, 0, 1
245.000997000000012, 0, 0, 0
245.768030250000010, 1, 0, 0
246.764342666666693, 1, 0, 1
246.805184750000024, 1, 0, 0
247.065930750000007, 1, 0, 1
247.116193750000008, 1, 0, 0
247.726964083333343, 1, 0, 1
247.762185250000016, 1, 0, 0
247.852972666666687, 1, 0, 1
247.908596416666683, 1, 0, 0
247.983809500000007, 1, 0, 1
248.036267500000008, 1, 0, 0
248.315838833333345, 1, 0, 1
248.334883000000019, 1, 1, 1
248.374055583333359, 1, 1, 0
248.541935416666689, 1, 1, 1
248.560871500000019, 1, 0, 1
248.561931833333347, 0, 0, 1
248.671096166666672, 0, 0, 0
248.680167916666676, 0, 0, 1
248.732448416666671, 0, 0, 0
248.779253166666678, 0, 0, 1
248.820501166666673, 0, 0, 0
248.873782916666670, 0, 0, 1
248.912506083333341, 0, 0, 0
248.972978500000011, 0, 0, 1
249.013585833333337, 0, 0, 0
249.074241250000028, 0, 0, 1
249.117303750000019, 0, 0, 0
249.182472916666683, 0, 0, 1
249.222782166666690, 0, 0, 0
249.296922166666690, 0, 0, 1
249.335290000000015, 0, 0, 0
249.408085416666694, 0, 0, 1
249.454085166666687, 0, 0, 0
249.532618916666678, 0, 0, 1
249.582729666666694, 0, 0, 0
249.815345083333341, 0, 0, 1
249.829221666666683, 0, 0, 0
250.097865250000012, 0, 0, 1
250.109566833333361, 0, 0, 0
251.567078166666676, 1, 0, 0
254.134832166666683, 1, 1, 0
254.342895666666692, 1, 1, 1
254.369283333333357, 1, 0, 1
254.370239583333358, 0, 0, 1
254.594236666666689, 0, 0, 0
254.637284916666687, 0, 0, 1
254.678583750000001, 0, 0, 0
254.741139416666670, 0, 0, 1
254.770796916666683, 0, 0, 0
254.839451000000025, 0, 0, 1
254.878224750000015, 0, 0, 0
254.948476083333361, 0, 0, 1
254.987427500000024, 0, 0, 0
255.057760583333362, 0, 0, 1
255.102992666666694, 0, 0, 0
255.177846166666683, 0, 0, 1
255.219506583333356, 0, 0, 0
255.291007833333339, 0, 0, 1
255.336037000000005, 0, 0, 0
257.383763166666654, 1, 0, 0
257.666472999999996, 1, 0, 1
257.708031833333337, 1, 0, 0
257.756995416666655, 1, 0, 1
257.798909583333341, 1, 0, 0
257.856711416666656, 1, 0, 1
257.900719083333342, 1, 0, 0
257.964518499999997, 1, 0, 1
258.014426083333376, 1, 0, 0
258.100560666666695, 1, 0, 1
258.130218166666680, 1, 0, 0
258.244609749999995, 1, 0, 1
258.249474666666686, 1, 0, 0
259.210073416666660, 1, 0, 1
259.257297666666659, 1, 0, 0
259.318275083333333, 1, 0, 1
259.359447083333350, 1, 0, 0
259.914498666666702, 1, 0, 1
259.950643416666708, 1, 1, 1
259.963801833333321, 1, 1, 0
260.054235750000032, 1, 1, 1
260.185485416666666, 1, 0, 1
260.186340166666696, 0, 0, 1
260.426787166666657, 0, 0, 0
260.485883500000000, 0, 0, 1
260.521136166666679, 0, 0, 0
260.582240000000013, 0, 0, 1
260.617949583333370, 0, 0, 0
260.681546749999995, 0, 0, 1
260.721189666666703, 0, 0, 0
260.786213583333335, 0, 0, 1
260.824626000000023, 0, 0, 0
260.895925000000034, 0, 0, 1
260.934388166666679, 0, 0, 0
261.005459916666666, 0, 0, 1
261.050178249999988, 0, 0, 0
261.127039000000025, 0, 0, 1
261.163186333333329, 0, 0, 0
261.690795333333369, 0, 0, 1
261.698859083333332, 0, 0, 0
263.200681166666698, 1, 0, 0
263.515637916666662, 1, 0, 1
263.548124749999999, 1, 0, 0
263.614392333333342, 1, 0, 1
263.655031333333341, 1, 0, 0
263.734764666666706, 1, 0, 1
263.781424333333348, 1, 0, 0
265.767869916666655, 1, 1, 0
266.000701833333324, 1, 0, 0
266.001704083333323, 0, 0, 0
266.015461083333378, 0, 0, 1
266.265098833333354, 0, 0, 0
266.301562916666683, 0, 0, 1
266.343654750000042, 0, 0, 0
266.402858250000008, 0, 0, 1
266.447709583333335, 0, 0, 0
266.508687166666675, 0, 0, 1
266.544447666666656, 0, 0, 0
266.625727500000039, 0, 0, 1
266.663226250000037, 0, 0, 0
266.742119833333334, 0, 0, 1
266.775431416666663, 0, 0, 0
269.017200416666697, 1, 0, 0
270.778238000000044, 1, 0, 1
270.815863500000034, 1, 0, 0
270.868659083333341, 1, 0, 1
270.908809666666684, 1, 0, 0
270.967962583333360, 1, 0, 1
271.009800666666706, 1, 0, 0
271.072817166666709, 1, 0, 1
271.116564916666675, 1, 0, 0
271.186468666666656, 1, 0, 1
271.235120499999994, 1, 0, 0
271.312820833333376, 1, 0, 1
271.339769416666684, 1, 0, 0
271.583360166666694, 1, 1, 0
271.801080000000013, 1, 0, 0
271.801930749999997, 0, 0, 0
271.822827916666711, 0, 0, 1
272.054816666666682, 0, 0, 0
272.061780083333360, 0, 0, 1
272.111180166666657, 0, 0, 0
272.161968333333334, 0, 0, 1
272.202886500000034, 0, 0, 0
272.262929583333346, 0, 0, 1
272.291229500000043, 0, 0, 0
272.356051333333369, 0, 0, 1
272.396557333333362, 0, 0, 0
272.457743083333355, 0, 0, 1
272.501446166666710, 0, 0, 0
272.568092750000005, 0, 0, 1
272.609620000000007, 0, 0, 0
272.677718500000026, 0, 0, 1
272.720419333333325, 0, 0, 0
272.795020249999993, 0, 0, 1
272.841609833333337, 0, 0, 0
272.921469333333334, 0, 0, 1
272.964195583333378, 0, 0, 0
273.323121416666709, 0, 0, 1
273.331694166666693, 0, 0, 0
274.013207833333354, 0, 0, 1
274.057190250000019, 0, 0, 0
274.128659916666663, 0, 0, 1
274.170884916666694, 0, 0, 0
274.816841166666677, 1, 0, 0
274.882617416666676, 1, 0, 1
274.933692416666702, 1, 0, 0
275.024965750000035, 1, 0, 1
275.079822000000036, 1, 0, 0
275.655605416666674, 1, 0, 1
275.716241000000025, 1, 0, 0
275.806390833333353, 1, 0, 1
275.862217500000042, 1, 0, 0
275.983187333333376, 1, 0, 1
276.051987750000023, 1, 0, 0
276.716702583333358, 1, 0, 1
276.774578416666657, 1, 0, 0
276.907031500000016, 1, 0, 1
276.967127750000031, 1, 0, 0
277.065737000000013, 1, 0, 1
277.131219333333377, 1, 0, 0
277.383446333333325, 1, 1, 0
277.591050833333327, 1, 1, 1
277.597216916666696, 1, 0, 1
277.598048166666672, 0, 0, 1
277.658877249999989, 0, 0, 0
277.709999916666675, 0, 0, 1
277.757122500000037, 0, 0, 0
277.811244083333349, 0, 0, 1
277.859952749999991, 0, 0, 0
277.911328000000026, 0, 0, 1
277.959421249999991, 0, 0, 0
278.012829166666677, 0, 0, 1
278.047771250000039, 0, 0, 0
278.127807666666683, 0, 0, 1
278.149799000000030, 0, 0, 0
278.230112916666656, 0, 0, 1
278.262885333333372, 0, 0, 0
278.336318333333338, 0, 0, 1
278.374603750000006, 0, 0, 0
278.451464583333347, 0, 0, 1
278.485797499999990, 0, 0, 0
278.561338833333366, 0, 0, 1
278.606317166666656, 0, 0, 0
278.685078250000004, 0, 0, 1
278.731947083333353, 0, 0, 0
278.799736333333328, 0, 0, 1
278.843718666666689, 0, 0, 0
278.920503750000023, 0, 0, 1
278.964638333333369, 0, 0, 0
279.048108750000040, 0, 0, 1
279.092091083333344, 0, 0, 0
279.166919250000035, 0, 0, 1
279.208630333333360, 0, 0, 0
279.294228333333365, 0, 0, 1
279.339282916666662, 0, 0, 0
279.422166500000003, 0, 0, 1
279.460483416666705, 0, 0, 0
279.549743166666701, 0, 0, 1
279.595254500000010, 0, 0, 0
280.615767333333338, 1, 0, 0
283.145791333333364, 1, 0, 1
283.165550666666661, 1, 0, 0
283.182574166666711, 1, 1, 0
283.238590583333348, 1, 1, 1
283.288035250000007, 1, 1, 0
283.397880000000043, 1, 1, 1
283.411238833333357, 1, 0, 1
283.412171916666694, 0, 0, 1
283.683339166666656, 0, 0, 0
283.741652583333348, 0, 0, 1
283.786167916666670, 0, 0, 0
283.846690666666689, 0, 0, 1
283.896192250000013, 0, 0, 0
283.946115666666685, 0, 0, 1
283.983842666666703, 0, 0, 0
284.051050916666668, 0, 0, 1
284.092045166666708, 0, 0, 0
284.162479333333351, 0, 0, 1
284.200536333333332, 0, 0, 0
284.280951500000015, 0, 0, 1
284.322028250000017, 0, 0, 0
284.395404333333374, 0, 0, 1
284.438416000000018, 0, 0, 0
284.858016083333325, 0, 0, 1
284.889126250000004, 0, 0, 0
286.432140750000030, 1, 0, 0
288.153740916666663, 1, 0, 1
288.182275500000003, 1, 0, 0
288.244041916666674, 1, 0, 1
288.285524750000036, 1, 0, 0
288.346098166666707, 1, 0, 1
288.386375666666709, 1, 0, 0
288.449972833333334, 1, 0, 1
288.495769499999994, 1, 0, 0
288.998679333333371, 1, 1, 0
289.207759083333372, 1, 1, 1
289.233073750000017, 1, 0, 1
289.234005416666662, 0, 0, 1
289.264660916666685, 0, 0, 0
289.288593666666657, 0, 0, 1
289.332474583333351, 0, 0, 0
289.380775333333361, 0, 0, 1
289.422638750000033, 0, 0, 0
289.484683083333323, 0, 0, 1
289.524072333333379, 0, 0, 0
289.595447333333368, 0, 0, 1
289.633884916666659, 0, 0, 0
289.707848166666679, 0, 0, 1
289.744864666666672, 0, 0, 0
293.402888166666685, 0, 0, 1
293.442074333333323, 0, 0, 0
293.513165000000015, 0, 0, 1
293.559520166666687, 0, 0, 0
293.631425166666702, 0, 0, 1
293.674798416666704, 0, 0, 0
293.743224999999995, 0, 0, 1
293.791267500000004, 0, 0, 0
293.861670166666670, 0, 0, 1
293.910226666666688, 0, 0, 0
294.986738416666697, 0, 0, 1
295.039760999999999, 0, 0, 0
295.169518500000038, 0, 0, 1
295.191147333333333, 0, 0, 0
295.870015833333355, 0, 0, 1
295.922581583333340, 0, 0, 0
296.027693250000027, 0, 0, 1
296.076528666666661, 0, 0, 0
296.221203666666668, 0, 0, 1
296.276091500000007, 0, 0, 0
297.235800000000040, 0, 0, 1
297.293441083333335, 0, 0, 0
297.363976250000007, 0, 0, 1
297.414290083333356, 0, 0, 0
